-- Población de la tabla Materia
INSERT INTO Materia (IdMateria, Nombre, HorasClase, Requisitos, Carrera, Semestre) VALUES
(1, 'Progra', 4.5, NULL, 'Ingenieria en Sistemas', 1),
(2, 'Algoritmos', 4.5, NULL, 'Ingenieria en Sistemas', 2),
(3, 'Teoría para accesorios', 3.0, NULL, 'Diseño de la Moda e Industria del Vestido', 3),
(4, 'Taller de diseño', 6.0, NULL, 'Diseño de la Moda e Industria del Vestido', 4),
(5, 'Técnicas para prendas básicas', 4.0, NULL, 'Diseño de la Moda e Industria del Vestido', 1),
(6, 'Confección para prendas básicas', 5.0, NULL, 'Diseño de la Moda e Industria del Vestido', 2),
(7, 'Técnicas de prendas femeninas', 4.0, NULL, 'Diseño de la Moda e Industria del Vestido', 3),
(8, 'Taller para prendas infantiles', 6.0, NULL, 'Diseño de la Moda e Industria del Vestido', 4),
(9, 'Patronaje de prendas masculinas', 5.0, NULL, 'Diseño de la Moda e Industria del Vestido', 5),
(10, 'Teoría para joyería', 3.0, NULL, 'Diseño de la Moda e Industria del Vestido', 6),
(11, 'Patronaje de color', 4.0, NULL, 'Diseño de la Moda e Industria del Vestido', 7),
(12, 'Confección de prendas infantiles', 5.0, NULL, 'Diseño de la Moda e Industria del Vestido', 8),
(13, 'Diseño de textiles', 4.0, NULL, 'Diseño de la Moda e Industria del Vestido', 3),
(14, 'Herramientas para lencería', 3.0, NULL, 'Diseño de la Moda e Industria del Vestido', 4),
(15, 'Confección de prendas masculinas', 5.0, NULL, 'Diseño de la Moda e Industria del Vestido', 5),
(16, 'Confección para prendas femeninas', 5.0, NULL, 'Diseño de la Moda e Industria del Vestido', 6),
(17, 'Diseño de joyería', 4.0, NULL, 'Diseño de la Moda e Industria del Vestido', 7),
(18, 'Teoría de representación', 3.0, NULL, 'Diseño de la Moda e Industria del Vestido', 8),
(19, 'Patronaje para joyería', 4.0, NULL, 'Diseño de la Moda e Industria del Vestido', 3),
(20, 'Taller para representación', 6.0, NULL, 'Diseño de la Moda e Industria del Vestido', 4),
(21, 'Ilustración de joyería', 4.0, NULL, 'Diseño de la Moda e Industria del Vestido', 5),
(22, 'Taller para lencería', 6.0, NULL, 'Diseño de la Moda e Industria del Vestido', 6),
(23, 'Patronaje para lencería', 5.0, NULL, 'Diseño de la Moda e Industria del Vestido', 7),
(24, 'Diseño para textiles', 4.0, NULL, 'Diseño de la Moda e Industria del Vestido', 8),
(25, 'Teoría para prendas femeninas', 3.0, NULL, 'Diseño de la Moda e Industria del Vestido', 1),
(26, 'Teoría para mercadotecnia', 3.0, NULL, 'Diseño de la Moda e Industria del Vestido', 2),
(27, 'Fundamentos para lencería', 3.0, NULL, 'Diseño de la Moda e Industria del Vestido', 3),
(28, 'Confección de representación', 5.0, NULL, 'Diseño de la Moda e Industria del Vestido', 4),
(29, 'Fundamentos de lencería', 3.0, NULL, 'Diseño de la Moda e Industria del Vestido', 5),
(30, 'Herramientas de lencería', 3.0, NULL, 'Diseño de la Moda e Industria del Vestido', 6),
(31, 'Taller de joyería', 6.0, NULL, 'Diseño de la Moda e Industria del Vestido', 7),
(32, 'Herramientas para lencería', 3.0, NULL, 'Diseño de la Moda e Industria del Vestido', 8),
(33, 'Taller para representación', 6.0, NULL, 'Diseño de la Moda e Industria del Vestido', 1),
(34, 'Confección para prendas básicas', 5.0, NULL, 'Diseño de la Moda e Industria del Vestido', 2),
(35, 'Técnicas para joyería', 4.0, NULL, 'Diseño de la Moda e Industria del Vestido', 3),
(36, 'Diseño de diseño', 4.0, NULL, 'Diseño de la Moda e Industria del Vestido', 4),
(37, 'Patronaje para lencería', 5.0, NULL, 'Diseño de la Moda e Industria del Vestido', 5),
(38, 'Teoría para color', 3.0, NULL, 'Diseño de la Moda e Industria del Vestido', 6),
(39, 'Fundamentos de traje de baño', 3.0, NULL, 'Diseño de la Moda e Industria del Vestido', 7),
(40, 'Fundamentos para traje de baño', 3.0, NULL, 'Diseño de la Moda e Industria del Vestido', 8),
(41, 'Diseño para color', 4.0, NULL, 'Diseño de la Moda e Industria del Vestido', 1),
(42, 'Fundamentos para textiles', 3.0, NULL, 'Diseño de la Moda e Industria del Vestido', 2),
(43, 'Ilustración para representación', 4.0, NULL, 'Diseño de la Moda e Industria del Vestido', 3),
(44, 'Fundamentos para prendas masculinas', 3.0, NULL, 'Diseño de la Moda e Industria del Vestido', 4),
(45, 'Taller para traje de baño', 6.0, NULL, 'Diseño de la Moda e Industria del Vestido', 5),
(46, 'Técnicas para lencería', 4.0, NULL, 'Diseño de la Moda e Industria del Vestido', 6),
(47, 'Patronaje para prendas masculinas', 5.0, NULL, 'Diseño de la Moda e Industria del Vestido', 7),
(48, 'Taller de traje de baño', 6.0, NULL, 'Diseño de la Moda e Industria del Vestido', 8),
(49, 'Diseño de prendas masculinas', 4.0, NULL, 'Diseño de la Moda e Industria del Vestido', 1),
(50, 'Técnicas de sastrería para dama', 4.0, NULL, 'Diseño de la Moda e Industria del Vestido', 2),
(51, 'Diseño para lencería', 4.0, NULL, 'Diseño de la Moda e Industria del Vestido', 3),
(52, 'Herramientas de prendas masculinas', 3.0, NULL, 'Diseño de la Moda e Industria del Vestido', 4),
(53, 'Teoría de traje de baño', 3.0, NULL, 'Diseño de la Moda e Industria del Vestido', 5),
(54, 'Teoría para prendas básicas', 3.0, NULL, 'Diseño de la Moda e Industria del Vestido', 6),
(55, 'Diseño de color', 4.0, NULL, 'Diseño de la Moda e Industria del Vestido', 7),
(56, 'Teoría de prendas masculinas', 3.0, NULL, 'Diseño de la Moda e Industria del Vestido', 8),
(57, 'Técnicas de prendas masculinas', 4.0, NULL, 'Diseño de la Moda e Industria del Vestido', 1),
(58, 'Teoría de prendas femeninas', 3.0, NULL, 'Diseño de la Moda e Industria del Vestido', 2),
(59, 'Técnicas de prendas básicas', 4.0, NULL, 'Diseño de la Moda e Industria del Vestido', 3),
(60, 'Fundamentos de prendas masculinas', 3.0, NULL, 'Diseño de la Moda e Industria del Vestido', 4),
(61, 'Fundamentos de prendas femeninas', 3.0, NULL, 'Diseño de la Moda e Industria del Vestido', 5),
(62, 'Confección de representación', 5.0, NULL, 'Diseño de la Moda e Industria del Vestido', 6),
(63, 'Taller para representación', 6.0, NULL, 'Diseño de la Moda e Industria del Vestido', 7),
(64, 'Taller para lencería', 6.0, NULL, 'Diseño de la Moda e Industria del Vestido', 8),
(65, 'Teoría para textiles', 3.0, NULL, 'Diseño de la Moda e Industria del Vestido', 1),
(66, 'Herramientas para accesorios', 3.0, NULL, 'Diseño de la Moda e Industria del Vestido', 2),
(67, 'Confección para prendas básicas', 5.0, NULL, 'Diseño de la Moda e Industria del Vestido', 3),
(68, 'Teoría de color', 3.0, NULL, 'Diseño de la Moda e Industria del Vestido', 4),
(69, 'Técnicas para traje de baño', 4.0, NULL, 'Diseño de la Moda e Industria del Vestido', 5),
(70, 'Confección para traje de baño', 5.0, NULL, 'Diseño de la Moda e Industria del Vestido', 6),
(71, 'Teoría de prendas infantiles', 3.0, NULL, 'Diseño de la Moda e Industria del Vestido', 7),
(72, 'Diseño de prendas básicas', 4.0, NULL, 'Diseño de la Moda e Industria del Vestido', 8),
(73, 'Fundamentos de traje de baño', 3.0, NULL, 'Diseño de la Moda e Industria del Vestido', 1),
(74, 'Taller de textiles', 6.0, NULL, 'Diseño de la Moda e Industria del Vestido', 2),
(75, 'Técnicas de joyería', 4.0, NULL, 'Diseño de la Moda e Industria del Vestido', 3),
(76, 'Confección para color', 5.0, NULL, 'Diseño de la Moda e Industria del Vestido', 4),
(77, 'Ilustración para prendas femeninas', 4.0, NULL, 'Diseño de la Moda e Industria del Vestido', 5),
(78, 'Taller de joyería', 6.0, NULL, 'Diseño de la Moda e Industria del Vestido', 6),
(79, 'Taller para representación', 6.0, NULL, 'Diseño de la Moda e Industria del Vestido', 7),
(80, 'Técnicas para lencería', 4.0, NULL, 'Diseño de la Moda e Industria del Vestido', 8),
(81, 'Ilustración de prendas femeninas', 4.0, NULL, 'Diseño de la Moda e Industria del Vestido', 1),
(82, 'Ilustración de prendas infantiles', 4.0, NULL, 'Diseño de la Moda e Industria del Vestido', 2),
(83, 'Técnicas de traje de baño', 4.0, NULL, 'Diseño de la Moda e Industria del Vestido', 3),
(84, 'Técnicas de mercadotecnia', 4.0, NULL, 'Diseño de la Moda e Industria del Vestido', 4),
(85, 'Taller para prendas básicas', 6.0, NULL, 'Diseño de la Moda e Industria del Vestido', 5),
(86, 'Taller para representación', 6.0, NULL, 'Diseño de la Moda e Industria del Vestido', 6),
(87, 'Diseño de lencería', 4.0, NULL, 'Diseño de la Moda e Industria del Vestido', 7),
(88, 'Herramientas de prendas masculinas', 3.0, NULL, 'Diseño de la Moda e Industria del Vestido', 8),
(89, 'Teoría para accesorios', 3.0, NULL, 'Diseño de la Moda e Industria del Vestido', 1),
(90, 'Ilustración de lencería', 4.0, NULL, 'Diseño de la Moda e Industria del Vestido', 2),
(91, 'Confección de diseño', 5.0, NULL, 'Diseño de la Moda e Industria del Vestido', 3),
(92, 'Taller de prendas femeninas', 6.0, NULL, 'Diseño de la Moda e Industria del Vestido', 4),
(93, 'Confección de sastrería para dama', 5.0, NULL, 'Diseño de la Moda e Industria del Vestido', 5),
(94, 'Diseño de color', 4.0, NULL, 'Diseño de la Moda e Industria del Vestido', 6),
(95, 'Herramientas para accesorios', 3.0, NULL, 'Diseño de la Moda e Industria del Vestido', 7),
(96, 'Taller para color', 6.0, NULL, 'Diseño de la Moda e Industria del Vestido', 8),
(97, 'Taller de prendas femeninas', 6.0, NULL, 'Diseño de la Moda e Industria del Vestido', 1),
(98, 'Taller para color', 6.0, NULL, 'Diseño de la Moda e Industria del Vestido', 2),
(99, 'Confección para traje de baño', 5.0, NULL, 'Diseño de la Moda e Industria del Vestido', 3),
(100, 'Diseño para prendas básicas', 4.0, NULL, 'Diseño de la Moda e Industria del Vestido', 4),
(101, 'Ilustración para color', 4.0, NULL, 'Diseño de la Moda e Industria del Vestido', 5),
(102, 'Patronaje de prendas masculinas', 5.0, NULL, 'Diseño de la Moda e Industria del Vestido', 6),
(103, 'Fundamentos de joyería', 3.0, NULL, 'Diseño de la Moda e Industria del Vestido', 7),
(104, 'Confección de Lencería y Traje', 5.0, NULL, 'Diseño de la Moda e Industria del Vestido', 8);

-- Población de la tabla Prerequisito (ejemplo)
INSERT INTO Prerequisito (IdMateria, IdPrerequisito) VALUES
(2, 1),  -- Algoritmos requiere Progra
(6, 5),  -- Confección para prendas básicas requiere Técnicas para prendas básicas
(15, 9), -- Confección de prendas masculinas requiere Patronaje de prendas masculinas
(16, 7); -- Confección para prendas femeninas requiere Técnicas de prendas femeninas

-- Población de la tabla Salon
INSERT INTO Salon (IdSalon, Cupo, Tipo, Nota) VALUES
(1, 30, 'Aula regular', 'Proyector disponible'),
(2, 20, 'Laboratorio de computo', 'Equipos actualizados'),
(3, 15, 'Taller de diseño', 'Mesas de dibujo'),
(4, 25, 'Aula regular', 'Pizarron grande'),
(5, 10, 'Taller de joyería', 'Equipamiento especializado');

-- Población de la tabla users
INSERT INTO users (id, ivd_id, password) VALUES
(2, 'ALUMNO001', 'password_alumno1'),
(3, 'ALUMNO002', 'password_alumno2'),
(4, 'PROF001', 'password_prof1'),
(5, 'PROF002', 'password_prof2');

-- Población de la tabla Alumno
INSERT INTO Alumno (IdAlumno, Confirmacion) VALUES
('ALUMNO001', TRUE),
('ALUMNO002', FALSE);

-- Población de la tabla Profesor
INSERT INTO Profesor (IdProfesor, Nombre, Clases) VALUES
('PROF001', 'Juan Perez', 'Progra, Algoritmos'),
('PROF002', 'Maria Rodriguez', 'Diseño de Modas');

-- Población de la tabla Disponibilidad
INSERT INTO Disponibilidad (IdDisponibilidad, IdProfesor, Dia, HoraInicio, HoraFin) VALUES
(1, 'PROF001', 'Lunes', '08:00', '12:00'),
(2, 'PROF001', 'Miercoles', '14:00', '18:00'),
(3, 'PROF002', 'Martes', '10:00', '14:00'),
(4, 'PROF002', 'Jueves', '16:00', '20:00');

-- Población de la tabla Ciclo
INSERT INTO Ciclo (IdCiclo, Nombre, FechaInicio, FechaFin) VALUES
(1, 'Ciclo 2024-I', '2024-01-15', '2024-05-15'),
(2, 'Ciclo 2024-II', '2024-08-15', '2024-12-15');

-- Población de la tabla Grupo
INSERT INTO Grupo (IdGrupo, IdMateria, IdProfesor, IdSalon, IdCiclo, Semestre) VALUES
(1, 1, 'PROF001', 2, 1, 1), -- Progra con Juan Perez en LabComp en 2024-I
(2, 2, 'PROF001', 2, 1, 2), -- Algoritmos con Juan Perez en LabComp en 2024-I
(3, 4, 'PROF002', 3, 2, 4); -- Taller de diseño con Maria Rodriguez en TallerDiseño en 2024-II

-- Población de la tabla Inscribe
INSERT INTO Inscribe (IdInscripcion, IdAlumno, IdGrupo) VALUES
(1, 'ALUMNO001', 1), -- Alumno1 inscripto en Progra
(2, 'ALUMNO001', 2), -- Alumno1 inscripto en Algoritmos
(3, 'ALUMNO002', 3); -- Alumno2 inscripto en Taller de Diseño

-- Población de la tabla Solicitud
INSERT INTO Solicitud (IdSolicitud, Fecha, Estado, Descripcion, IdAlumno) VALUES
(1, '2024-02-20', 'Pendiente', 'Solicitud de cambio de grupo', 'ALUMNO001'),
(2, '2024-03-10', 'Aprobada', 'Solicitud de revisión de examen', 'ALUMNO002');

-- Población de la tabla HorarioGeneral
INSERT INTO HorarioGeneral (IdHorarioGeneral, NombreCarrera, IdGrupo, Dia, HoraInicio, HoraFin) VALUES
(1, 'Ingenieria en Sistemas', 1, 'Lunes', '08:00', '09:30'),
(2, 'Ingenieria en Sistemas', 1, 'Miércoles', '08:00', '09:30'),
(3, 'Ingenieria en Sistemas', 2, 'Martes', '10:00', '11:30'),
(4, 'Diseño de la Moda e Industria del Vestido', 3, 'Jueves', '14:00', '17:00');