-- Populate Profesor table with more professors
INSERT INTO Profesor (IdProfesor, Nombre, Clases) VALUES
('P001', 'Juan Pérez', 'Progra'),
('P002', 'María López', 'Algoritmos'),
('P003', 'Carlos García', 'Teoría para accesorios'),
('P004', 'Ana Martínez', 'Taller de diseño'),
('P005', 'Luis Hernández', 'Técnicas para prendas básicas'),
('P006', 'Sofía Ramírez', 'Confección para prendas básicas'),
('P007', 'Miguel Torres', 'Técnicas de prendas femeninas'),
('P008', 'Laura Castillo', 'Taller para prendas infantiles'),
('P009', 'José Morales', 'Patronaje de prendas masculinas'),
('P010', 'Elena Vargas', 'Teoría para joyería'),
('P011', 'Ricardo Sánchez', 'Patronaje de color'),
('P012', 'Gabriela Ruiz', 'Confección de prendas infantiles'),
('P013', 'Fernando Díaz', 'Diseño de textiles'),
('P014', 'Patricia Gómez', 'Herramientas para lencería'),
('P015', 'Jorge Herrera', 'Confección de prendas masculinas'),
('P016', 'Claudia Mendoza', 'Confección para prendas femeninas'),
('P017', 'Roberto Flores', 'Diseño de joyería'),
('P018', 'Isabel Ortega', 'Teoría de representación'),
('P019', 'Héctor Jiménez', 'Patronaje para joyería'),
('P020', 'Mónica Rojas', 'Taller para representación'),
('P021', 'Andrés Navarro', 'Ilustración de joyería'),
('P022', 'Carmen Silva', 'Taller para lencería'),
('P023', 'Diego Castro', 'Patronaje para lencería'),
('P024', 'Lucía Peña', 'Diseño para textiles'),
('P025', 'Francisco Vega', 'Teoría para prendas femeninas'),
('P026', 'Adriana Soto', 'Teoría para mercadotecnia'),
('P027', 'Pablo Reyes', 'Fundamentos para lencería'),
('P028', 'Verónica Aguilar', 'Confección de representación'),
('P029', 'Daniela Lozano', 'Fundamentos de lencería'),
('P030', 'Esteban Fuentes', 'Herramientas de lencería'),
('P031', 'Silvia Paredes', 'Taller de joyería'),
('P032', 'Raúl Cárdenas', 'Herramientas para accesorios'),
('P033', 'Mariana Salinas', 'Taller para representación'),
('P034', 'Guillermo Ortiz', 'Confección para prendas básicas'),
('P035', 'Natalia Campos', 'Técnicas para joyería'),
('P036', 'Alberto Delgado', 'Diseño de diseño'),
('P037', 'Rosa Valdez', 'Patronaje para lencería'),
('P038', 'Enrique Bautista', 'Teoría para color'),
('P039', 'Teresa Luna', 'Fundamentos de traje de baño'),
('P040', 'Manuel Espinoza', 'Fundamentos para traje de baño'),
('P041', 'Paola Estrada', 'Diseño para color'),
('P042', 'Santiago Lara', 'Fundamentos para textiles'),
('P043', 'Regina Solís', 'Ilustración para representación'),
('P044', 'Ángel Medina', 'Fundamentos para prendas masculinas'),
('P045', 'Valeria Núñez', 'Taller para traje de baño'),
('P046', 'Emilio Acosta', 'Técnicas para lencería'),
('P047', 'Andrea Chávez', 'Patronaje para prendas masculinas'),
('P048', 'Javier Serrano', 'Taller de traje de baño'),
('P049', 'Lorena Figueroa', 'Diseño de prendas masculinas'),
('P050', 'César Ponce', 'Técnicas de sastrería para dama');

-- Populate Disponibilidad table
-- Populate Disponibilidad table with one row per professor
INSERT INTO Disponibilidad (IdDisponibilidad, IdProfesor, Dia, HoraInicio, HoraFin) VALUES
(1, 'P001', 'Lunes', '08:00:00', '12:00:00'),
(2, 'P002', 'Martes', '09:00:00', '13:00:00'),
(3, 'P003', 'Miércoles', '10:00:00', '14:00:00'),
(4, 'P004', 'Jueves', '11:00:00', '15:00:00'),
(5, 'P005', 'Viernes', '12:00:00', '16:00:00'),
(6, 'P006', 'Lunes', '13:00:00', '17:00:00'),
(7, 'P007', 'Martes', '08:00:00', '12:00:00'),
(8, 'P008', 'Miércoles', '09:00:00', '13:00:00'),
(9, 'P009', 'Jueves', '10:00:00', '14:00:00'),
(10, 'P010', 'Viernes', '11:00:00', '15:00:00'),
(11, 'P011', 'Lunes', '12:00:00', '16:00:00'),
(12, 'P012', 'Martes', '13:00:00', '17:00:00'),
(13, 'P013', 'Miércoles', '08:00:00', '12:00:00'),
(14, 'P014', 'Jueves', '09:00:00', '13:00:00'),
(15, 'P015', 'Viernes', '10:00:00', '14:00:00'),
(16, 'P016', 'Lunes', '11:00:00', '15:00:00'),
(17, 'P017', 'Martes', '12:00:00', '16:00:00'),
(18, 'P018', 'Miércoles', '13:00:00', '17:00:00'),
(19, 'P019', 'Jueves', '08:00:00', '12:00:00'),
(20, 'P020', 'Viernes', '09:00:00', '13:00:00'),
(21, 'P021', 'Lunes', '10:00:00', '14:00:00'),
(22, 'P022', 'Martes', '11:00:00', '15:00:00'),
(23, 'P023', 'Miércoles', '12:00:00', '16:00:00'),
(24, 'P024', 'Jueves', '13:00:00', '17:00:00'),
(25, 'P025', 'Viernes', '08:00:00', '12:00:00'),
(26, 'P026', 'Lunes', '09:00:00', '13:00:00'),
(27, 'P027', 'Martes', '10:00:00', '14:00:00'),
(28, 'P028', 'Miércoles', '11:00:00', '15:00:00'),
(29, 'P029', 'Jueves', '12:00:00', '16:00:00'),
(30, 'P030', 'Viernes', '13:00:00', '17:00:00'),
(31, 'P031', 'Lunes', '08:00:00', '12:00:00'),
(32, 'P032', 'Martes', '09:00:00', '13:00:00'),
(33, 'P033', 'Miércoles', '10:00:00', '14:00:00'),
(34, 'P034', 'Jueves', '11:00:00', '15:00:00'),
(35, 'P035', 'Viernes', '12:00:00', '16:00:00'),
(36, 'P036', 'Lunes', '13:00:00', '17:00:00'),
(37, 'P037', 'Martes', '08:00:00', '12:00:00'),
(38, 'P038', 'Miércoles', '09:00:00', '13:00:00'),
(39, 'P039', 'Jueves', '10:00:00', '14:00:00'),
(40, 'P040', 'Viernes', '11:00:00', '15:00:00'),
(41, 'P041', 'Lunes', '12:00:00', '16:00:00'),
(42, 'P042', 'Martes', '13:00:00', '17:00:00'),
(43, 'P043', 'Miércoles', '08:00:00', '12:00:00'),
(44, 'P044', 'Jueves', '09:00:00', '13:00:00'),
(45, 'P045', 'Viernes', '10:00:00', '14:00:00'),
(46, 'P046', 'Lunes', '11:00:00', '15:00:00'),
(47, 'P047', 'Martes', '12:00:00', '16:00:00'),
(48, 'P048', 'Miércoles', '13:00:00', '17:00:00'),
(49, 'P049', 'Jueves', '08:00:00', '12:00:00'),
(50, 'P050', 'Viernes', '09:00:00', '13:00:00');

-- Populate Ciclo table
INSERT INTO Ciclo (IdCiclo, Nombre, FechaInicio, FechaFin) VALUES
(1, 'Primavera 2025', '2025-01-15', '2025-06-15'),
(2, 'Verano 2025', '2025-06-16', '2025-08-15'),
(3, 'Otoño 2025', '2025-08-16', '2025-12-15');

-- Populate Salon table
INSERT INTO Salon (IdSalon, Cupo, Tipo, Nota) VALUES
(101, 30, 'Aula', 'Aula estándar'),
(102, 25, 'Laboratorio', 'Laboratorio de cómputo'),
(103, 20, 'Taller', 'Taller de diseño'),
(104, 40, 'Auditorio', 'Auditorio principal'),
(105, 15, 'Sala de juntas', 'Sala para reuniones pequeñas');